,hormone1,hormone2,hormone3,hormone4,hormone5,hormone6,hormone7,hormone8,hormone10_generated
hormone1,1.0,0.17393986055122224,0.0014289417284944902,0.024638230339038628,-0.06560218347265959,-0.056428798182466405,0.06682015569275586,-0.010741681309621628,-0.020019531809822556
hormone2,0.17393986055122224,1.0,0.09241221944430202,-0.004451812505205369,0.01902222807652347,0.0263526364591978,0.16765250460405254,0.010505492014804267,0.1743651199245579
hormone3,0.0014289417284944902,0.09241221944430202,1.0,0.5867406234110114,0.2509525513070894,-0.09097290282646175,-0.006811715109711113,0.030311298147228924,0.04049824883712144
hormone4,0.024638230339038628,-0.004451812505205369,0.5867406234110114,1.0,0.07105352971846199,-0.06698696250115874,-0.323091386545063,-0.03081036087321961,-0.13991204781649624
hormone5,-0.06560218347265959,0.01902222807652347,0.2509525513070894,0.07105352971846199,1.0,0.06929835143011061,0.14465795531857523,0.2536998953999565,-0.011305170841852685
hormone6,-0.056428798182466405,0.0263526364591978,-0.09097290282646175,-0.06698696250115874,0.06929835143011061,1.0,0.11448566836770892,-0.1559205691110228,0.04565294727190988
hormone7,0.06682015569275586,0.16765250460405254,-0.006811715109711113,-0.323091386545063,0.14465795531857523,0.11448566836770892,1.0,0.08793295971321885,0.1899566748800634
hormone8,-0.010741681309621628,0.010505492014804267,0.030311298147228924,-0.03081036087321961,0.2536998953999565,-0.1559205691110228,0.08793295971321885,1.0,-0.053725269458734716
hormone10_generated,-0.020019531809822556,0.1743651199245579,0.04049824883712144,-0.13991204781649624,-0.011305170841852685,0.04565294727190988,0.1899566748800634,-0.053725269458734716,1.0
